stop_no,program,date,salon,salon_address,group,section,maps_section,order,personnel,name,address,city,province,status
1,PRG-2026-ANK-PURSAK-001 — Ankara / Pursaklar — Okul Tanıtım Rota Planı,2026-10-01,Abdurrahim Karakoç Kongre ve Kültür Merkezi,"Merkez, Şht. Salim Akgül Cd. No:11, 06145 Pursaklar/Ankara",A,Bölüm 1,Atanmamış · Grup A · Bölüm 1 Maps,A--,-,ABDURRAHİM KARAKOÇ ORTAOKULU,"MERKEZ MAH. CENGİZ TOPEL CAD. ABDÜRRAHIM KARAKOÇ ORTAOKULU BLOK NO: 16 PURSAKLAR / ANKARA, Pursaklar/Ankara",Pursaklar,Ankara,Bekliyor
2,PRG-2026-ANK-PURSAK-001 — Ankara / Pursaklar — Okul Tanıtım Rota Planı,2026-10-01,Abdurrahim Karakoç Kongre ve Kültür Merkezi,"Merkez, Şht. Salim Akgül Cd. No:11, 06145 Pursaklar/Ankara",A,Bölüm 1,Atanmamış · Grup A · Bölüm 1 Maps,A--,-,ADNAN MENDERES İMAM HATİP ORTAOKULU,"MERKEZ MAH. ATATÜRK CAD. ÜLKER ILKOKULU BLOK NO: 30A PURSAKLAR / ANKARA, Pursaklar/Ankara",Pursaklar,Ankara,Bekliyor
3,PRG-2026-ANK-PURSAK-001 — Ankara / Pursaklar — Okul Tanıtım Rota Planı,2026-10-01,Abdurrahim Karakoç Kongre ve Kültür Merkezi,"Merkez, Şht. Salim Akgül Cd. No:11, 06145 Pursaklar/Ankara",A,Bölüm 1,Atanmamış · Grup A · Bölüm 1 Maps,A--,-,AHMET MÜŞERREF MUHTAROĞLU ORTAOKULU,"PEÇENEK MAH. PEÇENEK CAD. AHMET MÜŞERREF MUHTAROĞLU ORTAOKULU VE ILKOKULU BLOK NO: 9 PURSAKLAR / ANKARA, Pursaklar/Ankara",Pursaklar,Ankara,Bekliyor
4,PRG-2026-ANK-PURSAK-001 — Ankara / Pursaklar — Okul Tanıtım Rota Planı,2026-10-01,Abdurrahim Karakoç Kongre ve Kültür Merkezi,"Merkez, Şht. Salim Akgül Cd. No:11, 06145 Pursaklar/Ankara",A,Bölüm 1,Atanmamış · Grup A · Bölüm 1 Maps,A--,-,AHMET MÜŞERREF MUHTAROĞLU İLKOKULU,"PEÇENEK MAH. PEÇENEK CAD. AHMET MÜŞERREF MUHTAROĞLU ORTAOKULU VE ILKOKULU BLOK NO: 9 PURSAKLAR / ANKARA, Pursaklar/Ankara",Pursaklar,Ankara,Bekliyor
5,PRG-2026-ANK-PURSAK-001 — Ankara / Pursaklar — Okul Tanıtım Rota Planı,2026-10-01,Abdurrahim Karakoç Kongre ve Kültür Merkezi,"Merkez, Şht. Salim Akgül Cd. No:11, 06145 Pursaklar/Ankara",A,Bölüm 1,Atanmamış · Grup A · Bölüm 1 Maps,A--,-,ALTINOVA ORTAOKULU,"ALTINOVA MAH. ŞEYH İPEK CAD. NO: 5A PURSAKLAR / ANKARA, Pursaklar/Ankara",Pursaklar,Ankara,Bekliyor
6,PRG-2026-ANK-PURSAK-001 — Ankara / Pursaklar — Okul Tanıtım Rota Planı,2026-10-01,Abdurrahim Karakoç Kongre ve Kültür Merkezi,"Merkez, Şht. Salim Akgül Cd. No:11, 06145 Pursaklar/Ankara",A,Bölüm 1,Atanmamış · Grup A · Bölüm 1 Maps,A--,-,ALTINOVA İLKOKULU,"ALTINOVA MAH. ŞEYH İPEK CAD. ALTINOVA İLKOKULU BLOK NO: 5B PURSAKLAR / ANKARA, Pursaklar/Ankara",Pursaklar,Ankara,Bekliyor
7,PRG-2026-ANK-PURSAK-001 — Ankara / Pursaklar — Okul Tanıtım Rota Planı,2026-10-01,Abdurrahim Karakoç Kongre ve Kültür Merkezi,"Merkez, Şht. Salim Akgül Cd. No:11, 06145 Pursaklar/Ankara",A,Bölüm 1,Atanmamış · Grup A · Bölüm 1 Maps,A--,-,AYYILDIZ İLKOKULU,"AYYILDIZ MAH. ATATÜRK.... BUL. AYYILDIZ ILKOKULU BLOK NO: 1 PURSAKLAR / ANKARA, Pursaklar/Ankara",Pursaklar,Ankara,Bekliyor
8,PRG-2026-ANK-PURSAK-001 — Ankara / Pursaklar — Okul Tanıtım Rota Planı,2026-10-01,Abdurrahim Karakoç Kongre ve Kültür Merkezi,"Merkez, Şht. Salim Akgül Cd. No:11, 06145 Pursaklar/Ankara",A,Bölüm 1,Atanmamış · Grup A · Bölüm 1 Maps,A--,-,AZMİ ERTUĞRUL İLKOKULU,"FATİH MAH. PAYDOS SK. AZMİ ERTUĞRUL İ.Ö.O BLOK NO: 1 PURSAKLAR / ANKARA, Pursaklar/Ankara",Pursaklar,Ankara,Bekliyor
9,PRG-2026-ANK-PURSAK-001 — Ankara / Pursaklar — Okul Tanıtım Rota Planı,2026-10-01,Abdurrahim Karakoç Kongre ve Kültür Merkezi,"Merkez, Şht. Salim Akgül Cd. No:11, 06145 Pursaklar/Ankara",A,Bölüm 2,Atanmamış · Grup A · Bölüm 2 Maps,A--,-,ÖZEL AKGÜLLER ANAOKULU,"FATİH MAH. ARA SK. NO: 66 İÇ KAPI NO: 1 PURSAKLAR / ANKARA, Pursaklar/Ankara",Pursaklar,Ankara,Bekliyor
10,PRG-2026-ANK-PURSAK-001 — Ankara / Pursaklar — Okul Tanıtım Rota Planı,2026-10-01,Abdurrahim Karakoç Kongre ve Kültür Merkezi,"Merkez, Şht. Salim Akgül Cd. No:11, 06145 Pursaklar/Ankara",A,Bölüm 2,Atanmamış · Grup A · Bölüm 2 Maps,A--,-,ÖZEL ANA KUZUSU ANAOKULU,"MERKEZ MAH. SARAY SK. NO: 24 PURSAKLAR / ANKARA, Pursaklar/Ankara",Pursaklar,Ankara,Bekliyor
11,PRG-2026-ANK-PURSAK-001 — Ankara / Pursaklar — Okul Tanıtım Rota Planı,2026-10-01,Abdurrahim Karakoç Kongre ve Kültür Merkezi,"Merkez, Şht. Salim Akgül Cd. No:11, 06145 Pursaklar/Ankara",A,Bölüm 2,Atanmamış · Grup A · Bölüm 2 Maps,A--,-,ÖZEL AY YILDIZ ANAOKULU,"FATİH MAH. KUBA SK. NO: 8 PURSAKLAR / ANKARA, Pursaklar/Ankara",Pursaklar,Ankara,Bekliyor
12,PRG-2026-ANK-PURSAK-001 — Ankara / Pursaklar — Okul Tanıtım Rota Planı,2026-10-01,Abdurrahim Karakoç Kongre ve Kültür Merkezi,"Merkez, Şht. Salim Akgül Cd. No:11, 06145 Pursaklar/Ankara",A,Bölüm 2,Atanmamış · Grup A · Bölüm 2 Maps,A--,-,ÖZEL BAŞKENT BİLGE OKULLARI ANAOKULU,"MİMAR SİNAN MAH. BÜLTEN CAD. NO: 6A PURSAKLAR / ANKARA, Pursaklar/Ankara",Pursaklar,Ankara,Bekliyor
13,PRG-2026-ANK-PURSAK-001 — Ankara / Pursaklar — Okul Tanıtım Rota Planı,2026-10-01,Abdurrahim Karakoç Kongre ve Kültür Merkezi,"Merkez, Şht. Salim Akgül Cd. No:11, 06145 Pursaklar/Ankara",A,Bölüm 2,Atanmamış · Grup A · Bölüm 2 Maps,A--,-,ÖZEL BENİM DÜNYAM ANAOKULU,"MİMAR SİNAN MAH. ÇAĞATAY CAD. NO: 12A PURSAKLAR / ANKARA, Pursaklar/Ankara",Pursaklar,Ankara,Bekliyor
14,PRG-2026-ANK-PURSAK-001 — Ankara / Pursaklar — Okul Tanıtım Rota Planı,2026-10-01,Abdurrahim Karakoç Kongre ve Kültür Merkezi,"Merkez, Şht. Salim Akgül Cd. No:11, 06145 Pursaklar/Ankara",A,Bölüm 2,Atanmamış · Grup A · Bölüm 2 Maps,A--,-,ÖZEL BICIRIK ANAOKULU,"FATİH MAH. ARİF NAZIM SK. ÇİFTÇİOĞLU APT BLOK NO: 2A PURSAKLAR / ANKARA, Pursaklar/Ankara",Pursaklar,Ankara,Bekliyor
15,PRG-2026-ANK-PURSAK-001 — Ankara / Pursaklar — Okul Tanıtım Rota Planı,2026-10-01,Abdurrahim Karakoç Kongre ve Kültür Merkezi,"Merkez, Şht. Salim Akgül Cd. No:11, 06145 Pursaklar/Ankara",A,Bölüm 2,Atanmamış · Grup A · Bölüm 2 Maps,A--,-,ÖZEL BİLGEM ÇOCUK ANAOKULU,"MERKEZ MAH. HOCA AHMET YESEVİ CAD. NO: 29 PURSAKLAR / ANKARA, Pursaklar/Ankara",Pursaklar,Ankara,Bekliyor
16,PRG-2026-ANK-PURSAK-001 — Ankara / Pursaklar — Okul Tanıtım Rota Planı,2026-10-01,Abdurrahim Karakoç Kongre ve Kültür Merkezi,"Merkez, Şht. Salim Akgül Cd. No:11, 06145 Pursaklar/Ankara",A,Bölüm 2,Atanmamış · Grup A · Bölüm 2 Maps,A--,-,ÖZEL CEVİZİÇİ ANAOKULU,"SARAY CUMHURİYET MAH. MİMAR SİNAN CAD. NO: 3F PURSAKLAR / ANKARA, Pursaklar/Ankara",Pursaklar,Ankara,Bekliyor
17,PRG-2026-ANK-PURSAK-001 — Ankara / Pursaklar — Okul Tanıtım Rota Planı,2026-10-01,Abdurrahim Karakoç Kongre ve Kültür Merkezi,"Merkez, Şht. Salim Akgül Cd. No:11, 06145 Pursaklar/Ankara",A,Bölüm 3,Atanmamış · Grup A · Bölüm 3 Maps,A--,-,ÖZEL ENDERUN NESLİ ANAOKULU,"FATİH MAH. YAVUZ... SK. ÖZEL ENDERUN NESLI ANAOKULU NO: 9 PURSAKLAR / ANKARA, Pursaklar/Ankara",Pursaklar,Ankara,Bekliyor
18,PRG-2026-ANK-PURSAK-001 — Ankara / Pursaklar — Okul Tanıtım Rota Planı,2026-10-01,Abdurrahim Karakoç Kongre ve Kültür Merkezi,"Merkez, Şht. Salim Akgül Cd. No:11, 06145 Pursaklar/Ankara",A,Bölüm 3,Atanmamış · Grup A · Bölüm 3 Maps,A--,-,ÖZEL GÖKYÜZÜ BAHÇESİ ANAOKULU,"FATİH MAH. BEYLERBEYİ CAD. ZÜMRÜT KONUTLARI NO: 3A PURSAKLAR / ANKARA, Pursaklar/Ankara",Pursaklar,Ankara,Bekliyor
19,PRG-2026-ANK-PURSAK-001 — Ankara / Pursaklar — Okul Tanıtım Rota Planı,2026-10-01,Abdurrahim Karakoç Kongre ve Kültür Merkezi,"Merkez, Şht. Salim Akgül Cd. No:11, 06145 Pursaklar/Ankara",A,Bölüm 3,Atanmamış · Grup A · Bölüm 3 Maps,A--,-,ÖZEL GÜLVEREN ANAOKULU,"MİMAR SİNAN MAH. KARACA CAD. NO: 41A PURSAKLAR / ANKARA, Pursaklar/Ankara",Pursaklar,Ankara,Bekliyor
20,PRG-2026-ANK-PURSAK-001 — Ankara / Pursaklar — Okul Tanıtım Rota Planı,2026-10-01,Abdurrahim Karakoç Kongre ve Kültür Merkezi,"Merkez, Şht. Salim Akgül Cd. No:11, 06145 Pursaklar/Ankara",A,Bölüm 3,Atanmamış · Grup A · Bölüm 3 Maps,A--,-,ÖZEL HİLAL BAŞAK NUR AKADEMİ (HBNA) ANAOKULU,"MERKEZ MAH. YAVUZ BUL. NO: 81 PURSAKLAR / ANKARA, Pursaklar/Ankara",Pursaklar,Ankara,Bekliyor
21,PRG-2026-ANK-PURSAK-001 — Ankara / Pursaklar — Okul Tanıtım Rota Planı,2026-10-01,Abdurrahim Karakoç Kongre ve Kültür Merkezi,"Merkez, Şht. Salim Akgül Cd. No:11, 06145 Pursaklar/Ankara",A,Bölüm 3,Atanmamış · Grup A · Bölüm 3 Maps,A--,-,ÖZEL MAŞUK ŞAHİN İLKOKULU,"MERKEZ MAH. ŞEN SK. ALTINÇINAR ETÜT.EĞT.MER. BLOK NO: 2 PURSAKLAR / ANKARA, Pursaklar/Ankara",Pursaklar,Ankara,Bekliyor
22,PRG-2026-ANK-PURSAK-001 — Ankara / Pursaklar — Okul Tanıtım Rota Planı,2026-10-01,Abdurrahim Karakoç Kongre ve Kültür Merkezi,"Merkez, Şht. Salim Akgül Cd. No:11, 06145 Pursaklar/Ankara",A,Bölüm 3,Atanmamış · Grup A · Bölüm 3 Maps,A--,-,ÖZEL MERKEZ MAHALLESİ GÖKYÜZÜ BAHÇESİ ANAOKULU,"MERKEZ MAH. KÜLLECİ SOK. MEVLANA 2 BLOK NO: 42A PURSAKLAR / ANKARA, Pursaklar/Ankara",Pursaklar,Ankara,Bekliyor
23,PRG-2026-ANK-PURSAK-001 — Ankara / Pursaklar — Okul Tanıtım Rota Planı,2026-10-01,Abdurrahim Karakoç Kongre ve Kültür Merkezi,"Merkez, Şht. Salim Akgül Cd. No:11, 06145 Pursaklar/Ankara",A,Bölüm 3,Atanmamış · Grup A · Bölüm 3 Maps,A--,-,ÖZEL MİNİK GÜLÜŞLER ANAOKULU,"MERKEZ MAH. GÜZELSU SK. ÖZEL MINIK SARAYIM ANAOKULU NO: 24 PURSAKLAR / ANKARA, Pursaklar/Ankara",Pursaklar,Ankara,Bekliyor
24,PRG-2026-ANK-PURSAK-001 — Ankara / Pursaklar — Okul Tanıtım Rota Planı,2026-10-01,Abdurrahim Karakoç Kongre ve Kültür Merkezi,"Merkez, Şht. Salim Akgül Cd. No:11, 06145 Pursaklar/Ankara",A,Bölüm 3,Atanmamış · Grup A · Bölüm 3 Maps,A--,-,ÖZEL NENE HATUN ORTAOKULU,"YUNUS EMRE MAH. ATATÜRK CAD. ÖZEL NENE HATUN ANADOLU LISESI NO: 7C PURSAKLAR / ANKARA, Pursaklar/Ankara",Pursaklar,Ankara,Bekliyor
25,PRG-2026-ANK-PURSAK-001 — Ankara / Pursaklar — Okul Tanıtım Rota Planı,2026-10-01,Abdurrahim Karakoç Kongre ve Kültür Merkezi,"Merkez, Şht. Salim Akgül Cd. No:11, 06145 Pursaklar/Ankara",A,Bölüm 4,Atanmamış · Grup A · Bölüm 4 Maps,A--,-,ÖZEL NENE HATUN İLKOKULU,"YUNUS EMRE MAH. ATATÜRK CAD. ÖZEL MURADIYE KOLEJI NO: 7A PURSAKLAR / ANKARA, Pursaklar/Ankara",Pursaklar,Ankara,Bekliyor
26,PRG-2026-ANK-PURSAK-001 — Ankara / Pursaklar — Okul Tanıtım Rota Planı,2026-10-01,Abdurrahim Karakoç Kongre ve Kültür Merkezi,"Merkez, Şht. Salim Akgül Cd. No:11, 06145 Pursaklar/Ankara",A,Bölüm 4,Atanmamış · Grup A · Bölüm 4 Maps,A--,-,ÖZEL PAKİZE SULTAN ANAOKULU,"SARAY FATİH MAH. BOZKURT CAD. NO: 14A PURSAKLAR / ANKARA, Pursaklar/Ankara",Pursaklar,Ankara,Bekliyor
27,PRG-2026-ANK-PURSAK-001 — Ankara / Pursaklar — Okul Tanıtım Rota Planı,2026-10-01,Abdurrahim Karakoç Kongre ve Kültür Merkezi,"Merkez, Şht. Salim Akgül Cd. No:11, 06145 Pursaklar/Ankara",A,Bölüm 4,Atanmamış · Grup A · Bölüm 4 Maps,A--,-,ÖZEL PARLA ORTAOKULU,"MERKEZ MAH. DEDE KORKUT SK. ÖZEL BILIŞIM KOLEJI NO: 2A PURSAKLAR / ANKARA, Pursaklar/Ankara",Pursaklar,Ankara,Bekliyor
28,PRG-2026-ANK-PURSAK-001 — Ankara / Pursaklar — Okul Tanıtım Rota Planı,2026-10-01,Abdurrahim Karakoç Kongre ve Kültür Merkezi,"Merkez, Şht. Salim Akgül Cd. No:11, 06145 Pursaklar/Ankara",A,Bölüm 4,Atanmamış · Grup A · Bölüm 4 Maps,A--,-,ÖZEL PARLA İLKOKULU,"MERKEZ MAH. DEDE KORKUT SK. ÖZEL BILIŞIM KOLEJI NO: 2A PURSAKLAR / ANKARA, Pursaklar/Ankara",Pursaklar,Ankara,Bekliyor
29,PRG-2026-ANK-PURSAK-001 — Ankara / Pursaklar — Okul Tanıtım Rota Planı,2026-10-01,Abdurrahim Karakoç Kongre ve Kültür Merkezi,"Merkez, Şht. Salim Akgül Cd. No:11, 06145 Pursaklar/Ankara",A,Bölüm 4,Atanmamış · Grup A · Bölüm 4 Maps,A--,-,ÖZEL PURSAKLAR AY YILDIZ ANAOKULU,"MERKEZ MAH. ÇAĞATAY CAD. EREM SİTESİ MARKA EVLERI 2 NO: 46A PURSAKLAR / ANKARA, Pursaklar/Ankara",Pursaklar,Ankara,Bekliyor
30,PRG-2026-ANK-PURSAK-001 — Ankara / Pursaklar — Okul Tanıtım Rota Planı,2026-10-01,Abdurrahim Karakoç Kongre ve Kültür Merkezi,"Merkez, Şht. Salim Akgül Cd. No:11, 06145 Pursaklar/Ankara",A,Bölüm 4,Atanmamış · Grup A · Bölüm 4 Maps,A--,-,ÖZEL PURSAKLAR ÇÖZÜM AKADEMİ ORTAOKULU,"SARAY FATİH MAH. KIRIM SK. NO: 4 İÇ KAPI NO: 1 PURSAKLAR / ANKARA (DİĞER İÇ KAPILAR: 2-3-4-5-6-7-8-9-10-11-12-13-14-15-16), Pursaklar/Ankara",Pursaklar,Ankara,Bekliyor
31,PRG-2026-ANK-PURSAK-001 — Ankara / Pursaklar — Okul Tanıtım Rota Planı,2026-10-01,Abdurrahim Karakoç Kongre ve Kültür Merkezi,"Merkez, Şht. Salim Akgül Cd. No:11, 06145 Pursaklar/Ankara",A,Bölüm 4,Atanmamış · Grup A · Bölüm 4 Maps,A--,-,ÖZEL PURSAKLAR ÇÖZÜM AKADEMİ İLKOKULU,"SARAY FATİH MAH. KIRIM SK. NO: 4 İÇ KAPI NO: 1 PURSAKLAR / ANKARA (DİĞER İÇ KAPILAR: 2-3-4-5-6-7-8-9-10-11-12-13-14-15-16), Pursaklar/Ankara",Pursaklar,Ankara,Bekliyor
32,PRG-2026-ANK-PURSAK-001 — Ankara / Pursaklar — Okul Tanıtım Rota Planı,2026-10-01,Abdurrahim Karakoç Kongre ve Kültür Merkezi,"Merkez, Şht. Salim Akgül Cd. No:11, 06145 Pursaklar/Ankara",A,Bölüm 4,Atanmamış · Grup A · Bölüm 4 Maps,A--,-,ÖZEL PURSAKLAR ÇOCUK ANAOKULU,"MİMAR SİNAN MAH. GAZEL CAD. YAMAN LOFT SİTESİ NO: 4AA PURSAKLAR / ANKARA, Pursaklar/Ankara",Pursaklar,Ankara,Bekliyor
33,PRG-2026-ANK-PURSAK-001 — Ankara / Pursaklar — Okul Tanıtım Rota Planı,2026-10-01,Abdurrahim Karakoç Kongre ve Kültür Merkezi,"Merkez, Şht. Salim Akgül Cd. No:11, 06145 Pursaklar/Ankara",A,Bölüm 5,Atanmamış · Grup A · Bölüm 5 Maps,A--,-,ÖZEL PURSAKLAR ÇOCUK MASALI ANAOKULU,"MERKEZ MAH. ALPEREN CAD. NO: 16E PURSAKLAR / ANKARA, Pursaklar/Ankara",Pursaklar,Ankara,Bekliyor
34,PRG-2026-ANK-PURSAK-001 — Ankara / Pursaklar — Okul Tanıtım Rota Planı,2026-10-01,Abdurrahim Karakoç Kongre ve Kültür Merkezi,"Merkez, Şht. Salim Akgül Cd. No:11, 06145 Pursaklar/Ankara",A,Bölüm 5,Atanmamış · Grup A · Bölüm 5 Maps,A--,-,ÖZEL PURSAKLAR BİL KOLEJİ ORTAOKULU,"FATİH MAH. YAVUZ BUL. NO: 19A PURSAKLAR / ANKARA, Pursaklar/Ankara",Pursaklar,Ankara,Bekliyor
35,PRG-2026-ANK-PURSAK-001 — Ankara / Pursaklar — Okul Tanıtım Rota Planı,2026-10-01,Abdurrahim Karakoç Kongre ve Kültür Merkezi,"Merkez, Şht. Salim Akgül Cd. No:11, 06145 Pursaklar/Ankara",A,Bölüm 5,Atanmamış · Grup A · Bölüm 5 Maps,A--,-,ÖZEL PURSAKLAR BİL KOLEJİ İLKOKULU,"FATİH MAH. YAVUZ BUL. NO: 19A PURSAKLAR / ANKARA, Pursaklar/Ankara",Pursaklar,Ankara,Bekliyor
36,PRG-2026-ANK-PURSAK-001 — Ankara / Pursaklar — Okul Tanıtım Rota Planı,2026-10-01,Abdurrahim Karakoç Kongre ve Kültür Merkezi,"Merkez, Şht. Salim Akgül Cd. No:11, 06145 Pursaklar/Ankara",A,Bölüm 5,Atanmamış · Grup A · Bölüm 5 Maps,A--,-,ÖZEL PURSAKLAR GÜLDEREN ANAOKULU,"FATİH MAH. BÜYÜKDERE CAD. SINAV OKULLARI BLOK NO: 2 PURSAKLAR / ANKARA, Pursaklar/Ankara",Pursaklar,Ankara,Bekliyor
37,PRG-2026-ANK-PURSAK-001 — Ankara / Pursaklar — Okul Tanıtım Rota Planı,2026-10-01,Abdurrahim Karakoç Kongre ve Kültür Merkezi,"Merkez, Şht. Salim Akgül Cd. No:11, 06145 Pursaklar/Ankara",A,Bölüm 5,Atanmamış · Grup A · Bölüm 5 Maps,A--,-,ÖZEL PURSAKLAR ON ADIM EĞİTİM BİLİMLERİ ANAOKULU,"SARAY FATİH MAH. TURGUT REİS. CAD. NO: 6B PURSAKLAR / ANKARA, Pursaklar/Ankara",Pursaklar,Ankara,Bekliyor
38,PRG-2026-ANK-PURSAK-001 — Ankara / Pursaklar — Okul Tanıtım Rota Planı,2026-10-01,Abdurrahim Karakoç Kongre ve Kültür Merkezi,"Merkez, Şht. Salim Akgül Cd. No:11, 06145 Pursaklar/Ankara",A,Bölüm 5,Atanmamış · Grup A · Bölüm 5 Maps,A--,-,ÖZEL PURSAKLAR ON ADIM EĞİTİM BİLİMLERİ ORTAOKULU,"MERKEZ MAH. SARAY SK. ÖZEL ON ADIM EĞITIM BILIMLERI ORTAOKULU NO: 21/1 İÇ KAPI NO: 1 PURSAKLAR / ANKARA, Pursaklar/Ankara",Pursaklar,Ankara,Bekliyor
39,PRG-2026-ANK-PURSAK-001 — Ankara / Pursaklar — Okul Tanıtım Rota Planı,2026-10-01,Abdurrahim Karakoç Kongre ve Kültür Merkezi,"Merkez, Şht. Salim Akgül Cd. No:11, 06145 Pursaklar/Ankara",A,Bölüm 5,Atanmamış · Grup A · Bölüm 5 Maps,A--,-,ÖZEL PURSAKLAR ON ADIM EĞİTİM BİLİMLERİ İLKOKULU,"MERKEZ MAH. SARAY SK. ÖZEL ON ADIM EĞITIM BILIMLERI ORTAOKULU NO: 21/1 İÇ KAPI NO: 1 PURSAKLAR / ANKARA (DİĞER İÇ KAPILAR: 2-3), Pursaklar/Ankara",Pursaklar,Ankara,Bekliyor
40,PRG-2026-ANK-PURSAK-001 — Ankara / Pursaklar — Okul Tanıtım Rota Planı,2026-10-01,Abdurrahim Karakoç Kongre ve Kültür Merkezi,"Merkez, Şht. Salim Akgül Cd. No:11, 06145 Pursaklar/Ankara",A,Bölüm 5,Atanmamış · Grup A · Bölüm 5 Maps,A--,-,ÖZEL PURSAKLAR SINAV ANAOKULU,"FATİH MAH. ABACI SK. ÖZEL PURSAKLAR SINAV ANADOLU LISESI NO: 2 İÇ KAPI NO: 1 PURSAKLAR / ANKARA, Pursaklar/Ankara",Pursaklar,Ankara,Bekliyor
41,PRG-2026-ANK-PURSAK-001 — Ankara / Pursaklar — Okul Tanıtım Rota Planı,2026-10-01,Abdurrahim Karakoç Kongre ve Kültür Merkezi,"Merkez, Şht. Salim Akgül Cd. No:11, 06145 Pursaklar/Ankara",A,Bölüm 6,Atanmamış · Grup A · Bölüm 6 Maps,A--,-,ÖZEL PURSAKLAR SINAV ORTAOKULU,"FATİH MAH. ABACI SK. ÖZEL PURSAKLAR SINAV ANADOLU LISESI NO: 2 İÇ KAPI NO: 1 PURSAKLAR / ANKARA, Pursaklar/Ankara",Pursaklar,Ankara,Bekliyor
42,PRG-2026-ANK-PURSAK-001 — Ankara / Pursaklar — Okul Tanıtım Rota Planı,2026-10-01,Abdurrahim Karakoç Kongre ve Kültür Merkezi,"Merkez, Şht. Salim Akgül Cd. No:11, 06145 Pursaklar/Ankara",A,Bölüm 6,Atanmamış · Grup A · Bölüm 6 Maps,A--,-,ÖZEL PURSAKLAR SINAV İLKOKULU,"FATİH MAH. ABACI SK. ÖZEL PURSAKLAR SINAV ANADOLU LISESI NO: 2 İÇ KAPI NO: 1 PURSAKLAR / ANKARA, Pursaklar/Ankara",Pursaklar,Ankara,Bekliyor
43,PRG-2026-ANK-PURSAK-001 — Ankara / Pursaklar — Okul Tanıtım Rota Planı,2026-10-01,Abdurrahim Karakoç Kongre ve Kültür Merkezi,"Merkez, Şht. Salim Akgül Cd. No:11, 06145 Pursaklar/Ankara",A,Bölüm 6,Atanmamış · Grup A · Bölüm 6 Maps,A--,-,ÖZEL SARAY BAMBU ANAOKULU,"SARAY CUMHURİYET MAH. BELEDİYE. CAD. PAPATYA APT. NO: 45A PURSAKLAR / ANKARA, Pursaklar/Ankara",Pursaklar,Ankara,Bekliyor
44,PRG-2026-ANK-PURSAK-001 — Ankara / Pursaklar — Okul Tanıtım Rota Planı,2026-10-01,Abdurrahim Karakoç Kongre ve Kültür Merkezi,"Merkez, Şht. Salim Akgül Cd. No:11, 06145 Pursaklar/Ankara",A,Bölüm 6,Atanmamış · Grup A · Bölüm 6 Maps,A--,-,ÖZEL SARAY MAVİ DÜŞLER ANAOKULU,"SARAY FATİH MAH. TURGUT REİS. SK. NO: 22B PURSAKLAR / ANKARA, Pursaklar/Ankara",Pursaklar,Ankara,Bekliyor
45,PRG-2026-ANK-PURSAK-001 — Ankara / Pursaklar — Okul Tanıtım Rota Planı,2026-10-01,Abdurrahim Karakoç Kongre ve Kültür Merkezi,"Merkez, Şht. Salim Akgül Cd. No:11, 06145 Pursaklar/Ankara",A,Bölüm 6,Atanmamış · Grup A · Bölüm 6 Maps,A--,-,ÖZEL SARAYLI ÇOCUKLAR ANAOKULU,"SARAY FATİH MAH. BOZKURT CAD. NO: 1A PURSAKLAR / ANKARA, Pursaklar/Ankara",Pursaklar,Ankara,Bekliyor
46,PRG-2026-ANK-PURSAK-001 — Ankara / Pursaklar — Okul Tanıtım Rota Planı,2026-10-01,Abdurrahim Karakoç Kongre ve Kültür Merkezi,"Merkez, Şht. Salim Akgül Cd. No:11, 06145 Pursaklar/Ankara",A,Bölüm 6,Atanmamış · Grup A · Bölüm 6 Maps,A--,-,ÖZEL YOLCULUK ORTAOKULU,"SARAY OSMANGAZİ MAH. ANAFARTALAR CAD. NO: 8 PURSAKLAR / ANKARA, Pursaklar/Ankara",Pursaklar,Ankara,Bekliyor
47,PRG-2026-ANK-PURSAK-001 — Ankara / Pursaklar — Okul Tanıtım Rota Planı,2026-10-01,Abdurrahim Karakoç Kongre ve Kültür Merkezi,"Merkez, Şht. Salim Akgül Cd. No:11, 06145 Pursaklar/Ankara",A,Bölüm 6,Atanmamış · Grup A · Bölüm 6 Maps,A--,-,ÖZEL YOLCULUK İLKOKULU,"SARAY OSMANGAZİ MAH. ANAFARTALAR CAD. NO: 8 PURSAKLAR / ANKARA, Pursaklar/Ankara",Pursaklar,Ankara,Bekliyor
48,PRG-2026-ANK-PURSAK-001 — Ankara / Pursaklar — Okul Tanıtım Rota Planı,2026-10-01,Abdurrahim Karakoç Kongre ve Kültür Merkezi,"Merkez, Şht. Salim Akgül Cd. No:11, 06145 Pursaklar/Ankara",A,Bölüm 6,Atanmamış · Grup A · Bölüm 6 Maps,A--,-,ÜLKER İLKOKULU,"MERKEZ MAH. ATATÜRK CAD. ÜLKER İLKOKULU NO: 30 PURSAKLAR / ANKARA, Pursaklar/Ankara",Pursaklar,Ankara,Bekliyor
49,PRG-2026-ANK-PURSAK-001 — Ankara / Pursaklar — Okul Tanıtım Rota Planı,2026-10-01,Abdurrahim Karakoç Kongre ve Kültür Merkezi,"Merkez, Şht. Salim Akgül Cd. No:11, 06145 Pursaklar/Ankara",A,Bölüm 7,Atanmamış · Grup A · Bölüm 7 Maps,A--,-,CAHİT ZARİFOĞLU İMAM HATİP ORTAOKULU,"MİMAR SİNAN MAH. KAZIM ORBAY SK. PURSAKLAR İ.O BLOK NO: 5 PURSAKLAR / ANKARA, Pursaklar/Ankara",Pursaklar,Ankara,Bekliyor
50,PRG-2026-ANK-PURSAK-001 — Ankara / Pursaklar — Okul Tanıtım Rota Planı,2026-10-01,Abdurrahim Karakoç Kongre ve Kültür Merkezi,"Merkez, Şht. Salim Akgül Cd. No:11, 06145 Pursaklar/Ankara",A,Bölüm 7,Atanmamış · Grup A · Bölüm 7 Maps,A--,-,FAİK HIZIROĞLU İLKOKULU,"MİMAR SİNAN MAH. SEDEF. SK. FAIK HIZIROGLU ILK OKULU NO: 21 PURSAKLAR / ANKARA, Pursaklar/Ankara",Pursaklar,Ankara,Bekliyor
51,PRG-2026-ANK-PURSAK-001 — Ankara / Pursaklar — Okul Tanıtım Rota Planı,2026-10-01,Abdurrahim Karakoç Kongre ve Kültür Merkezi,"Merkez, Şht. Salim Akgül Cd. No:11, 06145 Pursaklar/Ankara",A,Bölüm 7,Atanmamış · Grup A · Bölüm 7 Maps,A--,-,GÜMÜŞOLUK ORTAOKULU,"SARAY GÜMÜŞOLUK MAH. SALTUK BUĞRA CAD. NO: 50 PURSAKLAR / ANKARA, Pursaklar/Ankara",Pursaklar,Ankara,Bekliyor
52,PRG-2026-ANK-PURSAK-001 — Ankara / Pursaklar — Okul Tanıtım Rota Planı,2026-10-01,Abdurrahim Karakoç Kongre ve Kültür Merkezi,"Merkez, Şht. Salim Akgül Cd. No:11, 06145 Pursaklar/Ankara",A,Bölüm 7,Atanmamış · Grup A · Bölüm 7 Maps,A--,-,GÜMÜŞOLUK İLKOKULU,"SARAY GÜMÜŞOLUK MAH. SALTUK BUĞRA CAD. NO: 50 PURSAKLAR / ANKARA, Pursaklar/Ankara",Pursaklar,Ankara,Bekliyor
53,PRG-2026-ANK-PURSAK-001 — Ankara / Pursaklar — Okul Tanıtım Rota Planı,2026-10-01,Abdurrahim Karakoç Kongre ve Kültür Merkezi,"Merkez, Şht. Salim Akgül Cd. No:11, 06145 Pursaklar/Ankara",A,Bölüm 7,Atanmamış · Grup A · Bölüm 7 Maps,A--,-,HAKAN AKBIYIK İLKOKULU,"MERKEZ MAH. MERCAN_1 SK. HAKAN AKBIYIK ILKOKULU BLOK NO: 1 PURSAKLAR / ANKARA, Pursaklar/Ankara",Pursaklar,Ankara,Bekliyor
54,PRG-2026-ANK-PURSAK-001 — Ankara / Pursaklar — Okul Tanıtım Rota Planı,2026-10-01,Abdurrahim Karakoç Kongre ve Kültür Merkezi,"Merkez, Şht. Salim Akgül Cd. No:11, 06145 Pursaklar/Ankara",A,Bölüm 7,Atanmamış · Grup A · Bölüm 7 Maps,A--,-,HAYME HATUN ANAOKULU,"FATİH MAH. FETHİYE CAD. ANAOKULU NO: 18 PURSAKLAR / ANKARA, Pursaklar/Ankara",Pursaklar,Ankara,Bekliyor
55,PRG-2026-ANK-PURSAK-001 — Ankara / Pursaklar — Okul Tanıtım Rota Planı,2026-10-01,Abdurrahim Karakoç Kongre ve Kültür Merkezi,"Merkez, Şht. Salim Akgül Cd. No:11, 06145 Pursaklar/Ankara",A,Bölüm 7,Atanmamış · Grup A · Bölüm 7 Maps,A--,-,KARYAĞDI İLKOKULU,"SARAY CUMHURİYET MAH. ATATÜRK. CAD. İLKOKUL NO: 25 PURSAKLAR / ANKARA, Pursaklar/Ankara",Pursaklar,Ankara,Bekliyor
56,PRG-2026-ANK-PURSAK-001 — Ankara / Pursaklar — Okul Tanıtım Rota Planı,2026-10-01,Abdurrahim Karakoç Kongre ve Kültür Merkezi,"Merkez, Şht. Salim Akgül Cd. No:11, 06145 Pursaklar/Ankara",A,Bölüm 7,Atanmamış · Grup A · Bölüm 7 Maps,A--,-,MÜJDAT KAMOTAR ANAOKULU,"PEÇENEK MAH. DEĞİRMEN SK. NO: 3 PURSAKLAR / ANKARA, Pursaklar/Ankara",Pursaklar,Ankara,Bekliyor
57,PRG-2026-ANK-PURSAK-001 — Ankara / Pursaklar — Okul Tanıtım Rota Planı,2026-10-01,Abdurrahim Karakoç Kongre ve Kültür Merkezi,"Merkez, Şht. Salim Akgül Cd. No:11, 06145 Pursaklar/Ankara",A,Bölüm 8,Atanmamış · Grup A · Bölüm 8 Maps,A--,-,MEDİNE İMAM HATİP ORTAOKULU,"MERKEZ MAH. İSTİKBAL CD. YURT BİNASI BLOK NO: 10 PURSAKLAR / ANKARA, Pursaklar/Ankara",Pursaklar,Ankara,Bekliyor
58,PRG-2026-ANK-PURSAK-001 — Ankara / Pursaklar — Okul Tanıtım Rota Planı,2026-10-01,Abdurrahim Karakoç Kongre ve Kültür Merkezi,"Merkez, Şht. Salim Akgül Cd. No:11, 06145 Pursaklar/Ankara",A,Bölüm 8,Atanmamış · Grup A · Bölüm 8 Maps,A--,-,MEHMET AKİF ERSOY İLKOKULU,"YUNUS EMRE MAH. BENLİ SK. NO: 15 PURSAKLAR / ANKARA, Pursaklar/Ankara",Pursaklar,Ankara,Bekliyor
59,PRG-2026-ANK-PURSAK-001 — Ankara / Pursaklar — Okul Tanıtım Rota Planı,2026-10-01,Abdurrahim Karakoç Kongre ve Kültür Merkezi,"Merkez, Şht. Salim Akgül Cd. No:11, 06145 Pursaklar/Ankara",A,Bölüm 8,Atanmamış · Grup A · Bölüm 8 Maps,A--,-,PURSAKLAR 80. YIL ANAOKULU,"YUNUS EMRE MAH. ORHANGAZİ CAD. PURSAKLAR 80. YIL ANAOKULU BLOK NO: 7 PURSAKLAR / ANKARA, Pursaklar/Ankara",Pursaklar,Ankara,Bekliyor
60,PRG-2026-ANK-PURSAK-001 — Ankara / Pursaklar — Okul Tanıtım Rota Planı,2026-10-01,Abdurrahim Karakoç Kongre ve Kültür Merkezi,"Merkez, Şht. Salim Akgül Cd. No:11, 06145 Pursaklar/Ankara",A,Bölüm 8,Atanmamış · Grup A · Bölüm 8 Maps,A--,-,PURSAKLAR ANAOKULU,"AYYILDIZ MAH. MİTHATPAŞA 1 SK. GOCMENEVLERI CAMII BLOK NO: 11 İÇ KAPI NO: - PURSAKLAR / ANKARA, Pursaklar/Ankara",Pursaklar,Ankara,Bekliyor
61,PRG-2026-ANK-PURSAK-001 — Ankara / Pursaklar — Okul Tanıtım Rota Planı,2026-10-01,Abdurrahim Karakoç Kongre ve Kültür Merkezi,"Merkez, Şht. Salim Akgül Cd. No:11, 06145 Pursaklar/Ankara",A,Bölüm 8,Atanmamış · Grup A · Bölüm 8 Maps,A--,-,PURSAKLAR FERİDE BEKÇİOĞLU ORTAOKULU,"YUNUS EMRE MAH. SEMBOL SK. FERIDE BEKÇIOĞLU ORTAOKULU BLOK NO: 6A PURSAKLAR / ANKARA, Pursaklar/Ankara",Pursaklar,Ankara,Bekliyor
62,PRG-2026-ANK-PURSAK-001 — Ankara / Pursaklar — Okul Tanıtım Rota Planı,2026-10-01,Abdurrahim Karakoç Kongre ve Kültür Merkezi,"Merkez, Şht. Salim Akgül Cd. No:11, 06145 Pursaklar/Ankara",A,Bölüm 8,Atanmamış · Grup A · Bölüm 8 Maps,A--,-,PURSAKLAR SATI ÖZTÜRK İLKOKULU,"MERKEZ MAH. YUNUS EMRE CAD. SATI ÖZTÜRK ILK OKULU BLOK NO: 70 PURSAKLAR / ANKARA, Pursaklar/Ankara",Pursaklar,Ankara,Bekliyor
63,PRG-2026-ANK-PURSAK-001 — Ankara / Pursaklar — Okul Tanıtım Rota Planı,2026-10-01,Abdurrahim Karakoç Kongre ve Kültür Merkezi,"Merkez, Şht. Salim Akgül Cd. No:11, 06145 Pursaklar/Ankara",A,Bölüm 8,Atanmamış · Grup A · Bölüm 8 Maps,A--,-,PURSAKLAR İLKOKULU,"MİMAR SİNAN MAH. SİMGE SK. İLKOKUL NO: 4 PURSAKLAR / ANKARA, Pursaklar/Ankara",Pursaklar,Ankara,Bekliyor
64,PRG-2026-ANK-PURSAK-001 — Ankara / Pursaklar — Okul Tanıtım Rota Planı,2026-10-01,Abdurrahim Karakoç Kongre ve Kültür Merkezi,"Merkez, Şht. Salim Akgül Cd. No:11, 06145 Pursaklar/Ankara",A,Bölüm 8,Atanmamış · Grup A · Bölüm 8 Maps,A--,-,PURSAKLAR İMAM HATİP ORTAOKULU,"MERKEZ MAH. GÜLYAZ CAD. PURSAKLAR IMAM HATIP ORTAOKULU BLOK NO: 25 PURSAKLAR / ANKARA, Pursaklar/Ankara",Pursaklar,Ankara,Bekliyor
65,PRG-2026-ANK-PURSAK-001 — Ankara / Pursaklar — Okul Tanıtım Rota Planı,2026-10-01,Abdurrahim Karakoç Kongre ve Kültür Merkezi,"Merkez, Şht. Salim Akgül Cd. No:11, 06145 Pursaklar/Ankara",A,Bölüm 9,Atanmamış · Grup A · Bölüm 9 Maps,A--,-,SARAY ORTAOKULU,"SARAY CUMHURİYET MAH. RAY SK. NO: 1 PURSAKLAR / ANKARA, Pursaklar/Ankara",Pursaklar,Ankara,Bekliyor
66,PRG-2026-ANK-PURSAK-001 — Ankara / Pursaklar — Okul Tanıtım Rota Planı,2026-10-01,Abdurrahim Karakoç Kongre ve Kültür Merkezi,"Merkez, Şht. Salim Akgül Cd. No:11, 06145 Pursaklar/Ankara",A,Bölüm 9,Atanmamış · Grup A · Bölüm 9 Maps,A--,-,SARAY İLKOKULU,"SARAY FATİH MAH. ŞEHİT ALİ AKTAŞ CAD. NO: 1 PURSAKLAR / ANKARA, Pursaklar/Ankara",Pursaklar,Ankara,Bekliyor
67,PRG-2026-ANK-PURSAK-001 — Ankara / Pursaklar — Okul Tanıtım Rota Planı,2026-10-01,Abdurrahim Karakoç Kongre ve Kültür Merkezi,"Merkez, Şht. Salim Akgül Cd. No:11, 06145 Pursaklar/Ankara",A,Bölüm 9,Atanmamış · Grup A · Bölüm 9 Maps,A--,-,SARAY İMAM HATİP ORTAOKULU,"SARAY CUMHURİYET MAH. BARIŞ MANÇO CAD. 9 SİTESİ SARAY IMAM HATIP ORTA OKULU BLOK NO: 9 PURSAKLAR / ANKARA, Pursaklar/Ankara",Pursaklar,Ankara,Bekliyor
68,PRG-2026-ANK-PURSAK-001 — Ankara / Pursaklar — Okul Tanıtım Rota Planı,2026-10-01,Abdurrahim Karakoç Kongre ve Kültür Merkezi,"Merkez, Şht. Salim Akgül Cd. No:11, 06145 Pursaklar/Ankara",A,Bölüm 9,Atanmamış · Grup A · Bölüm 9 Maps,A--,-,SİRKELİ ORTAOKULU,"SİRKELİ YEŞİLOVA MAH. ATATÜRK.. CAD. SİRKELİ İLKOKULU BLOK NO: 14 PURSAKLAR / ANKARA, Pursaklar/Ankara",Pursaklar,Ankara,Bekliyor
69,PRG-2026-ANK-PURSAK-001 — Ankara / Pursaklar — Okul Tanıtım Rota Planı,2026-10-01,Abdurrahim Karakoç Kongre ve Kültür Merkezi,"Merkez, Şht. Salim Akgül Cd. No:11, 06145 Pursaklar/Ankara",A,Bölüm 9,Atanmamış · Grup A · Bölüm 9 Maps,A--,-,SİRKELİ İLKOKULU,"SİRKELİ YEŞİLOVA MAH. ATATÜRK.. CAD. SİRKELİ İLKOKULU BLOK NO: 14 PURSAKLAR / ANKARA, Pursaklar/Ankara",Pursaklar,Ankara,Bekliyor
70,PRG-2026-ANK-PURSAK-001 — Ankara / Pursaklar — Okul Tanıtım Rota Planı,2026-10-01,Abdurrahim Karakoç Kongre ve Kültür Merkezi,"Merkez, Şht. Salim Akgül Cd. No:11, 06145 Pursaklar/Ankara",A,Bölüm 9,Atanmamış · Grup A · Bölüm 9 Maps,A--,-,TURGUT ÖZAL ORTAOKULU,"TEVFİK İLERİ MAH. İLİM SK. TURGUT ÖZAL ORTAOKULU BLOK NO: 14 PURSAKLAR / ANKARA, Pursaklar/Ankara",Pursaklar,Ankara,Bekliyor
71,PRG-2026-ANK-PURSAK-001 — Ankara / Pursaklar — Okul Tanıtım Rota Planı,2026-10-01,Abdurrahim Karakoç Kongre ve Kültür Merkezi,"Merkez, Şht. Salim Akgül Cd. No:11, 06145 Pursaklar/Ankara",A,Bölüm 9,Atanmamış · Grup A · Bölüm 9 Maps,A--,-,YILDIRIM BEYAZIT ANAOKULU,"SARAY FATİH MAH. İSTİKLAL... CAD. YILDIRIM BEYAZIT ILKOKULU BLOK NO: 9 PURSAKLAR / ANKARA, Pursaklar/Ankara",Pursaklar,Ankara,Bekliyor
72,PRG-2026-ANK-PURSAK-001 — Ankara / Pursaklar — Okul Tanıtım Rota Planı,2026-10-01,Abdurrahim Karakoç Kongre ve Kültür Merkezi,"Merkez, Şht. Salim Akgül Cd. No:11, 06145 Pursaklar/Ankara",A,Bölüm 9,Atanmamış · Grup A · Bölüm 9 Maps,A--,-,YILDIRIM BEYAZIT İLKOKULU,"SARAY FATİH MAH. İSTİKLAL CAD. NO: 9 PURSAKLAR / ANKARA, Pursaklar/Ankara",Pursaklar,Ankara,Bekliyor
73,PRG-2026-ANK-PURSAK-001 — Ankara / Pursaklar — Okul Tanıtım Rota Planı,2026-10-01,Abdurrahim Karakoç Kongre ve Kültür Merkezi,"Merkez, Şht. Salim Akgül Cd. No:11, 06145 Pursaklar/Ankara",A,Bölüm 10,Atanmamış · Grup A · Bölüm 10 Maps,A--,-,ŞEHİT ALİ İHSAN LEZGİ ORTAOKULU,"MİMAR SİNAN MAH. GÜRGEN SK. ŞEHIT ALI IHSAN LEZGI ORTAOKULU BLOK NO: 1 PURSAKLAR / ANKARA, Pursaklar/Ankara",Pursaklar,Ankara,Bekliyor
74,PRG-2026-ANK-PURSAK-001 — Ankara / Pursaklar — Okul Tanıtım Rota Planı,2026-10-01,Abdurrahim Karakoç Kongre ve Kültür Merkezi,"Merkez, Şht. Salim Akgül Cd. No:11, 06145 Pursaklar/Ankara",A,Bölüm 10,Atanmamış · Grup A · Bölüm 10 Maps,A--,-,ŞEHİT FURKAN DOĞAN İLKOKULU,"MİMAR SİNAN MAH. FAZİLET SK. NO: 11 PURSAKLAR / ANKARA, Pursaklar/Ankara",Pursaklar,Ankara,Bekliyor
75,PRG-2026-ANK-PURSAK-001 — Ankara / Pursaklar — Okul Tanıtım Rota Planı,2026-10-01,Abdurrahim Karakoç Kongre ve Kültür Merkezi,"Merkez, Şht. Salim Akgül Cd. No:11, 06145 Pursaklar/Ankara",A,Bölüm 10,Atanmamış · Grup A · Bölüm 10 Maps,A--,-,ŞEHİT MURAT DÜGER ORTAOKULU,"AYYILDIZ MAH. ATATÜRK.... BUL. ŞEHİT MURAT DÜGER ORTAOKULU BLOK NO: 6 PURSAKLAR / ANKARA, Pursaklar/Ankara",Pursaklar,Ankara,Bekliyor
76,PRG-2026-ANK-PURSAK-001 — Ankara / Pursaklar — Okul Tanıtım Rota Planı,2026-10-01,Abdurrahim Karakoç Kongre ve Kültür Merkezi,"Merkez, Şht. Salim Akgül Cd. No:11, 06145 Pursaklar/Ankara",A,Bölüm 10,Atanmamış · Grup A · Bölüm 10 Maps,A--,-,ŞEHİT İLHAMİ ÖZENÇ ORTAOKULU,"SARAY CUMHURİYET MAH. ATATÜRK. CAD. İLKOKUL NO: 25 PURSAKLAR / ANKARA, Pursaklar/Ankara",Pursaklar,Ankara,Bekliyor
