province_name,district_name,metric_key,metric_value,unit,data_year,source_org,source_name,source_url,verified_at
İstanbul,,school_count,7909,adet,2024-2025,MEB,"Millî Eğitim İstatistikleri, Örgün Eğitim 2024/25 - Tablo 1.17",https://sgb.meb.gov.tr/,
İstanbul,,student_count,3150326,kisi,2024-2025,MEB,"Millî Eğitim İstatistikleri, Örgün Eğitim 2024/25 - Tablo 1.17",https://sgb.meb.gov.tr/,
Tekirdağ,,school_count,742,adet,2024-2025,MEB,"Millî Eğitim İstatistikleri, Örgün Eğitim 2024/25 - Tablo 1.17",https://sgb.meb.gov.tr/,
Tekirdağ,,student_count,230976,kisi,2024-2025,MEB,"Millî Eğitim İstatistikleri, Örgün Eğitim 2024/25 - Tablo 1.17",https://sgb.meb.gov.tr/,
Edirne,,school_count,331,adet,2024-2025,MEB,"Millî Eğitim İstatistikleri, Örgün Eğitim 2024/25 - Tablo 1.17",https://sgb.meb.gov.tr/,
Edirne,,student_count,57805,kisi,2024-2025,MEB,"Millî Eğitim İstatistikleri, Örgün Eğitim 2024/25 - Tablo 1.17",https://sgb.meb.gov.tr/,
Kırklareli,,school_count,280,adet,2024-2025,MEB,"Millî Eğitim İstatistikleri, Örgün Eğitim 2024/25 - Tablo 1.17",https://sgb.meb.gov.tr/,
Kırklareli,,student_count,55273,kisi,2024-2025,MEB,"Millî Eğitim İstatistikleri, Örgün Eğitim 2024/25 - Tablo 1.17",https://sgb.meb.gov.tr/,
Balıkesir,,school_count,1038,adet,2024-2025,MEB,"Millî Eğitim İstatistikleri, Örgün Eğitim 2024/25 - Tablo 1.17",https://sgb.meb.gov.tr/,
Balıkesir,,student_count,199632,kisi,2024-2025,MEB,"Millî Eğitim İstatistikleri, Örgün Eğitim 2024/25 - Tablo 1.17",https://sgb.meb.gov.tr/,
Çanakkale,,school_count,460,adet,2024-2025,MEB,"Millî Eğitim İstatistikleri, Örgün Eğitim 2024/25 - Tablo 1.17",https://sgb.meb.gov.tr/,
Çanakkale,,student_count,85734,kisi,2024-2025,MEB,"Millî Eğitim İstatistikleri, Örgün Eğitim 2024/25 - Tablo 1.17",https://sgb.meb.gov.tr/,
İzmir,,school_count,2927,adet,2024-2025,MEB,"Millî Eğitim İstatistikleri, Örgün Eğitim 2024/25 - Tablo 1.17",https://sgb.meb.gov.tr/,
İzmir,,student_count,788865,kisi,2024-2025,MEB,"Millî Eğitim İstatistikleri, Örgün Eğitim 2024/25 - Tablo 1.17",https://sgb.meb.gov.tr/,
Aydın,,school_count,969,adet,2024-2025,MEB,"Millî Eğitim İstatistikleri, Örgün Eğitim 2024/25 - Tablo 1.17",https://sgb.meb.gov.tr/,
Aydın,,student_count,200117,kisi,2024-2025,MEB,"Millî Eğitim İstatistikleri, Örgün Eğitim 2024/25 - Tablo 1.17",https://sgb.meb.gov.tr/,
Denizli,,school_count,952,adet,2024-2025,MEB,"Millî Eğitim İstatistikleri, Örgün Eğitim 2024/25 - Tablo 1.17",https://sgb.meb.gov.tr/,
Denizli,,student_count,193399,kisi,2024-2025,MEB,"Millî Eğitim İstatistikleri, Örgün Eğitim 2024/25 - Tablo 1.17",https://sgb.meb.gov.tr/,
Muğla,,school_count,932,adet,2024-2025,MEB,"Millî Eğitim İstatistikleri, Örgün Eğitim 2024/25 - Tablo 1.17",https://sgb.meb.gov.tr/,
Muğla,,student_count,178970,kisi,2024-2025,MEB,"Millî Eğitim İstatistikleri, Örgün Eğitim 2024/25 - Tablo 1.17",https://sgb.meb.gov.tr/,
Manisa,,school_count,1268,adet,2024-2025,MEB,"Millî Eğitim İstatistikleri, Örgün Eğitim 2024/25 - Tablo 1.17",https://sgb.meb.gov.tr/,
Manisa,,student_count,270723,kisi,2024-2025,MEB,"Millî Eğitim İstatistikleri, Örgün Eğitim 2024/25 - Tablo 1.17",https://sgb.meb.gov.tr/,
Afyonkarahisar,,school_count,995,adet,2024-2025,MEB,"Millî Eğitim İstatistikleri, Örgün Eğitim 2024/25 - Tablo 1.17",https://sgb.meb.gov.tr/,
Afyonkarahisar,,student_count,143267,kisi,2024-2025,MEB,"Millî Eğitim İstatistikleri, Örgün Eğitim 2024/25 - Tablo 1.17",https://sgb.meb.gov.tr/,
Kütahya,,school_count,590,adet,2024-2025,MEB,"Millî Eğitim İstatistikleri, Örgün Eğitim 2024/25 - Tablo 1.17",https://sgb.meb.gov.tr/,
Kütahya,,student_count,92384,kisi,2024-2025,MEB,"Millî Eğitim İstatistikleri, Örgün Eğitim 2024/25 - Tablo 1.17",https://sgb.meb.gov.tr/,
Uşak,,school_count,363,adet,2024-2025,MEB,"Millî Eğitim İstatistikleri, Örgün Eğitim 2024/25 - Tablo 1.17",https://sgb.meb.gov.tr/,
Uşak,,student_count,64607,kisi,2024-2025,MEB,"Millî Eğitim İstatistikleri, Örgün Eğitim 2024/25 - Tablo 1.17",https://sgb.meb.gov.tr/,
Bursa,,school_count,2049,adet,2024-2025,MEB,"Millî Eğitim İstatistikleri, Örgün Eğitim 2024/25 - Tablo 1.17",https://sgb.meb.gov.tr/,
Bursa,,student_count,663265,kisi,2024-2025,MEB,"Millî Eğitim İstatistikleri, Örgün Eğitim 2024/25 - Tablo 1.17",https://sgb.meb.gov.tr/,
Eskişehir,,school_count,610,adet,2024-2025,MEB,"Millî Eğitim İstatistikleri, Örgün Eğitim 2024/25 - Tablo 1.17",https://sgb.meb.gov.tr/,
Eskişehir,,student_count,154330,kisi,2024-2025,MEB,"Millî Eğitim İstatistikleri, Örgün Eğitim 2024/25 - Tablo 1.17",https://sgb.meb.gov.tr/,
Bilecik,,school_count,205,adet,2024-2025,MEB,"Millî Eğitim İstatistikleri, Örgün Eğitim 2024/25 - Tablo 1.17",https://sgb.meb.gov.tr/,
Bilecik,,student_count,40090,kisi,2024-2025,MEB,"Millî Eğitim İstatistikleri, Örgün Eğitim 2024/25 - Tablo 1.17",https://sgb.meb.gov.tr/,
Kocaeli,,school_count,1554,adet,2024-2025,MEB,"Millî Eğitim İstatistikleri, Örgün Eğitim 2024/25 - Tablo 1.17",https://sgb.meb.gov.tr/,
Kocaeli,,student_count,461090,kisi,2024-2025,MEB,"Millî Eğitim İstatistikleri, Örgün Eğitim 2024/25 - Tablo 1.17",https://sgb.meb.gov.tr/,
Sakarya,,school_count,1011,adet,2024-2025,MEB,"Millî Eğitim İstatistikleri, Örgün Eğitim 2024/25 - Tablo 1.17",https://sgb.meb.gov.tr/,
Sakarya,,student_count,213873,kisi,2024-2025,MEB,"Millî Eğitim İstatistikleri, Örgün Eğitim 2024/25 - Tablo 1.17",https://sgb.meb.gov.tr/,
Düzce,,school_count,414,adet,2024-2025,MEB,"Millî Eğitim İstatistikleri, Örgün Eğitim 2024/25 - Tablo 1.17",https://sgb.meb.gov.tr/,
Düzce,,student_count,77441,kisi,2024-2025,MEB,"Millî Eğitim İstatistikleri, Örgün Eğitim 2024/25 - Tablo 1.17",https://sgb.meb.gov.tr/,
Bolu,,school_count,243,adet,2024-2025,MEB,"Millî Eğitim İstatistikleri, Örgün Eğitim 2024/25 - Tablo 1.17",https://sgb.meb.gov.tr/,
Bolu,,student_count,54262,kisi,2024-2025,MEB,"Millî Eğitim İstatistikleri, Örgün Eğitim 2024/25 - Tablo 1.17",https://sgb.meb.gov.tr/,
Yalova,,school_count,264,adet,2024-2025,MEB,"Millî Eğitim İstatistikleri, Örgün Eğitim 2024/25 - Tablo 1.17",https://sgb.meb.gov.tr/,
Yalova,,student_count,55434,kisi,2024-2025,MEB,"Millî Eğitim İstatistikleri, Örgün Eğitim 2024/25 - Tablo 1.17",https://sgb.meb.gov.tr/,
Ankara,,school_count,4176,adet,2024-2025,MEB,"Millî Eğitim İstatistikleri, Örgün Eğitim 2024/25 - Tablo 1.17",https://sgb.meb.gov.tr/,
Ankara,,student_count,1113415,kisi,2024-2025,MEB,"Millî Eğitim İstatistikleri, Örgün Eğitim 2024/25 - Tablo 1.17",https://sgb.meb.gov.tr/,
Konya,,school_count,2176,adet,2024-2025,MEB,"Millî Eğitim İstatistikleri, Örgün Eğitim 2024/25 - Tablo 1.17",https://sgb.meb.gov.tr/,
Konya,,student_count,512538,kisi,2024-2025,MEB,"Millî Eğitim İstatistikleri, Örgün Eğitim 2024/25 - Tablo 1.17",https://sgb.meb.gov.tr/,
Karaman,,school_count,279,adet,2024-2025,MEB,"Millî Eğitim İstatistikleri, Örgün Eğitim 2024/25 - Tablo 1.17",https://sgb.meb.gov.tr/,
Karaman,,student_count,50969,kisi,2024-2025,MEB,"Millî Eğitim İstatistikleri, Örgün Eğitim 2024/25 - Tablo 1.17",https://sgb.meb.gov.tr/,
Antalya,,school_count,2214,adet,2024-2025,MEB,"Millî Eğitim İstatistikleri, Örgün Eğitim 2024/25 - Tablo 1.17",https://sgb.meb.gov.tr/,
Antalya,,student_count,526933,kisi,2024-2025,MEB,"Millî Eğitim İstatistikleri, Örgün Eğitim 2024/25 - Tablo 1.17",https://sgb.meb.gov.tr/,
Isparta,,school_count,521,adet,2024-2025,MEB,"Millî Eğitim İstatistikleri, Örgün Eğitim 2024/25 - Tablo 1.17",https://sgb.meb.gov.tr/,
Isparta,,student_count,77936,kisi,2024-2025,MEB,"Millî Eğitim İstatistikleri, Örgün Eğitim 2024/25 - Tablo 1.17",https://sgb.meb.gov.tr/,
Burdur,,school_count,283,adet,2024-2025,MEB,"Millî Eğitim İstatistikleri, Örgün Eğitim 2024/25 - Tablo 1.17",https://sgb.meb.gov.tr/,
Burdur,,student_count,44915,kisi,2024-2025,MEB,"Millî Eğitim İstatistikleri, Örgün Eğitim 2024/25 - Tablo 1.17",https://sgb.meb.gov.tr/,
Adana,,school_count,1540,adet,2024-2025,MEB,"Millî Eğitim İstatistikleri, Örgün Eğitim 2024/25 - Tablo 1.17",https://sgb.meb.gov.tr/,
Adana,,student_count,546995,kisi,2024-2025,MEB,"Millî Eğitim İstatistikleri, Örgün Eğitim 2024/25 - Tablo 1.17",https://sgb.meb.gov.tr/,
Mersin,,school_count,1616,adet,2024-2025,MEB,"Millî Eğitim İstatistikleri, Örgün Eğitim 2024/25 - Tablo 1.17",https://sgb.meb.gov.tr/,
Mersin,,student_count,438702,kisi,2024-2025,MEB,"Millî Eğitim İstatistikleri, Örgün Eğitim 2024/25 - Tablo 1.17",https://sgb.meb.gov.tr/,
Hatay,,school_count,1639,adet,2024-2025,MEB,"Millî Eğitim İstatistikleri, Örgün Eğitim 2024/25 - Tablo 1.17",https://sgb.meb.gov.tr/,
Hatay,,student_count,426969,kisi,2024-2025,MEB,"Millî Eğitim İstatistikleri, Örgün Eğitim 2024/25 - Tablo 1.17",https://sgb.meb.gov.tr/,
Kahramanmaraş,,school_count,1126,adet,2024-2025,MEB,"Millî Eğitim İstatistikleri, Örgün Eğitim 2024/25 - Tablo 1.17",https://sgb.meb.gov.tr/,
Kahramanmaraş,,student_count,290273,kisi,2024-2025,MEB,"Millî Eğitim İstatistikleri, Örgün Eğitim 2024/25 - Tablo 1.17",https://sgb.meb.gov.tr/,
Osmaniye,,school_count,528,adet,2024-2025,MEB,"Millî Eğitim İstatistikleri, Örgün Eğitim 2024/25 - Tablo 1.17",https://sgb.meb.gov.tr/,
Osmaniye,,student_count,142823,kisi,2024-2025,MEB,"Millî Eğitim İstatistikleri, Örgün Eğitim 2024/25 - Tablo 1.17",https://sgb.meb.gov.tr/,
Kırıkkale,,school_count,258,adet,2024-2025,MEB,"Millî Eğitim İstatistikleri, Örgün Eğitim 2024/25 - Tablo 1.17",https://sgb.meb.gov.tr/,
Kırıkkale,,student_count,49366,kisi,2024-2025,MEB,"Millî Eğitim İstatistikleri, Örgün Eğitim 2024/25 - Tablo 1.17",https://sgb.meb.gov.tr/,
Aksaray,,school_count,526,adet,2024-2025,MEB,"Millî Eğitim İstatistikleri, Örgün Eğitim 2024/25 - Tablo 1.17",https://sgb.meb.gov.tr/,
Aksaray,,student_count,90842,kisi,2024-2025,MEB,"Millî Eğitim İstatistikleri, Örgün Eğitim 2024/25 - Tablo 1.17",https://sgb.meb.gov.tr/,
Niğde,,school_count,429,adet,2024-2025,MEB,"Millî Eğitim İstatistikleri, Örgün Eğitim 2024/25 - Tablo 1.17",https://sgb.meb.gov.tr/,
Niğde,,student_count,76124,kisi,2024-2025,MEB,"Millî Eğitim İstatistikleri, Örgün Eğitim 2024/25 - Tablo 1.17",https://sgb.meb.gov.tr/,
Nevşehir,,school_count,372,adet,2024-2025,MEB,"Millî Eğitim İstatistikleri, Örgün Eğitim 2024/25 - Tablo 1.17",https://sgb.meb.gov.tr/,
Nevşehir,,student_count,60231,kisi,2024-2025,MEB,"Millî Eğitim İstatistikleri, Örgün Eğitim 2024/25 - Tablo 1.17",https://sgb.meb.gov.tr/,
Kırşehir,,school_count,228,adet,2024-2025,MEB,"Millî Eğitim İstatistikleri, Örgün Eğitim 2024/25 - Tablo 1.17",https://sgb.meb.gov.tr/,
Kırşehir,,student_count,44075,kisi,2024-2025,MEB,"Millî Eğitim İstatistikleri, Örgün Eğitim 2024/25 - Tablo 1.17",https://sgb.meb.gov.tr/,
Kayseri,,school_count,1164,adet,2024-2025,MEB,"Millî Eğitim İstatistikleri, Örgün Eğitim 2024/25 - Tablo 1.17",https://sgb.meb.gov.tr/,
Kayseri,,student_count,329009,kisi,2024-2025,MEB,"Millî Eğitim İstatistikleri, Örgün Eğitim 2024/25 - Tablo 1.17",https://sgb.meb.gov.tr/,
Sivas,,school_count,701,adet,2024-2025,MEB,"Millî Eğitim İstatistikleri, Örgün Eğitim 2024/25 - Tablo 1.17",https://sgb.meb.gov.tr/,
Sivas,,student_count,115057,kisi,2024-2025,MEB,"Millî Eğitim İstatistikleri, Örgün Eğitim 2024/25 - Tablo 1.17",https://sgb.meb.gov.tr/,
Yozgat,,school_count,522,adet,2024-2025,MEB,"Millî Eğitim İstatistikleri, Örgün Eğitim 2024/25 - Tablo 1.17",https://sgb.meb.gov.tr/,
Yozgat,,student_count,72774,kisi,2024-2025,MEB,"Millî Eğitim İstatistikleri, Örgün Eğitim 2024/25 - Tablo 1.17",https://sgb.meb.gov.tr/,
Zonguldak,,school_count,546,adet,2024-2025,MEB,"Millî Eğitim İstatistikleri, Örgün Eğitim 2024/25 - Tablo 1.17",https://sgb.meb.gov.tr/,
Zonguldak,,student_count,92367,kisi,2024-2025,MEB,"Millî Eğitim İstatistikleri, Örgün Eğitim 2024/25 - Tablo 1.17",https://sgb.meb.gov.tr/,
Karabük,,school_count,251,adet,2024-2025,MEB,"Millî Eğitim İstatistikleri, Örgün Eğitim 2024/25 - Tablo 1.17",https://sgb.meb.gov.tr/,
Karabük,,student_count,37589,kisi,2024-2025,MEB,"Millî Eğitim İstatistikleri, Örgün Eğitim 2024/25 - Tablo 1.17",https://sgb.meb.gov.tr/,
Bartın,,school_count,198,adet,2024-2025,MEB,"Millî Eğitim İstatistikleri, Örgün Eğitim 2024/25 - Tablo 1.17",https://sgb.meb.gov.tr/,
Bartın,,student_count,30774,kisi,2024-2025,MEB,"Millî Eğitim İstatistikleri, Örgün Eğitim 2024/25 - Tablo 1.17",https://sgb.meb.gov.tr/,
Kastamonu,,school_count,374,adet,2024-2025,MEB,"Millî Eğitim İstatistikleri, Örgün Eğitim 2024/25 - Tablo 1.17",https://sgb.meb.gov.tr/,
Kastamonu,,student_count,56672,kisi,2024-2025,MEB,"Millî Eğitim İstatistikleri, Örgün Eğitim 2024/25 - Tablo 1.17",https://sgb.meb.gov.tr/,
Çankırı,,school_count,176,adet,2024-2025,MEB,"Millî Eğitim İstatistikleri, Örgün Eğitim 2024/25 - Tablo 1.17",https://sgb.meb.gov.tr/,
Çankırı,,student_count,29593,kisi,2024-2025,MEB,"Millî Eğitim İstatistikleri, Örgün Eğitim 2024/25 - Tablo 1.17",https://sgb.meb.gov.tr/,
Sinop,,school_count,180,adet,2024-2025,MEB,"Millî Eğitim İstatistikleri, Örgün Eğitim 2024/25 - Tablo 1.17",https://sgb.meb.gov.tr/,
Sinop,,student_count,33834,kisi,2024-2025,MEB,"Millî Eğitim İstatistikleri, Örgün Eğitim 2024/25 - Tablo 1.17",https://sgb.meb.gov.tr/,
Samsun,,school_count,1304,adet,2024-2025,MEB,"Millî Eğitim İstatistikleri, Örgün Eğitim 2024/25 - Tablo 1.17",https://sgb.meb.gov.tr/,
Samsun,,student_count,253179,kisi,2024-2025,MEB,"Millî Eğitim İstatistikleri, Örgün Eğitim 2024/25 - Tablo 1.17",https://sgb.meb.gov.tr/,
Tokat,,school_count,660,adet,2024-2025,MEB,"Millî Eğitim İstatistikleri, Örgün Eğitim 2024/25 - Tablo 1.17",https://sgb.meb.gov.tr/,
Tokat,,student_count,102464,kisi,2024-2025,MEB,"Millî Eğitim İstatistikleri, Örgün Eğitim 2024/25 - Tablo 1.17",https://sgb.meb.gov.tr/,
Çorum,,school_count,501,adet,2024-2025,MEB,"Millî Eğitim İstatistikleri, Örgün Eğitim 2024/25 - Tablo 1.17",https://sgb.meb.gov.tr/,
Çorum,,student_count,92500,kisi,2024-2025,MEB,"Millî Eğitim İstatistikleri, Örgün Eğitim 2024/25 - Tablo 1.17",https://sgb.meb.gov.tr/,
Amasya,,school_count,369,adet,2024-2025,MEB,"Millî Eğitim İstatistikleri, Örgün Eğitim 2024/25 - Tablo 1.17",https://sgb.meb.gov.tr/,
Amasya,,student_count,58432,kisi,2024-2025,MEB,"Millî Eğitim İstatistikleri, Örgün Eğitim 2024/25 - Tablo 1.17",https://sgb.meb.gov.tr/,
Trabzon,,school_count,720,adet,2024-2025,MEB,"Millî Eğitim İstatistikleri, Örgün Eğitim 2024/25 - Tablo 1.17",https://sgb.meb.gov.tr/,
Trabzon,,student_count,147899,kisi,2024-2025,MEB,"Millî Eğitim İstatistikleri, Örgün Eğitim 2024/25 - Tablo 1.17",https://sgb.meb.gov.tr/,
Ordu,,school_count,688,adet,2024-2025,MEB,"Millî Eğitim İstatistikleri, Örgün Eğitim 2024/25 - Tablo 1.17",https://sgb.meb.gov.tr/,
Ordu,,student_count,131905,kisi,2024-2025,MEB,"Millî Eğitim İstatistikleri, Örgün Eğitim 2024/25 - Tablo 1.17",https://sgb.meb.gov.tr/,
Giresun,,school_count,410,adet,2024-2025,MEB,"Millî Eğitim İstatistikleri, Örgün Eğitim 2024/25 - Tablo 1.17",https://sgb.meb.gov.tr/,
Giresun,,student_count,68628,kisi,2024-2025,MEB,"Millî Eğitim İstatistikleri, Örgün Eğitim 2024/25 - Tablo 1.17",https://sgb.meb.gov.tr/,
Rize,,school_count,333,adet,2024-2025,MEB,"Millî Eğitim İstatistikleri, Örgün Eğitim 2024/25 - Tablo 1.17",https://sgb.meb.gov.tr/,
Rize,,student_count,59841,kisi,2024-2025,MEB,"Millî Eğitim İstatistikleri, Örgün Eğitim 2024/25 - Tablo 1.17",https://sgb.meb.gov.tr/,
Artvin,,school_count,178,adet,2024-2025,MEB,"Millî Eğitim İstatistikleri, Örgün Eğitim 2024/25 - Tablo 1.17",https://sgb.meb.gov.tr/,
Artvin,,student_count,24618,kisi,2024-2025,MEB,"Millî Eğitim İstatistikleri, Örgün Eğitim 2024/25 - Tablo 1.17",https://sgb.meb.gov.tr/,
Gümüşhane,,school_count,167,adet,2024-2025,MEB,"Millî Eğitim İstatistikleri, Örgün Eğitim 2024/25 - Tablo 1.17",https://sgb.meb.gov.tr/,
Gümüşhane,,student_count,19128,kisi,2024-2025,MEB,"Millî Eğitim İstatistikleri, Örgün Eğitim 2024/25 - Tablo 1.17",https://sgb.meb.gov.tr/,
Erzurum,,school_count,1362,adet,2024-2025,MEB,"Millî Eğitim İstatistikleri, Örgün Eğitim 2024/25 - Tablo 1.17",https://sgb.meb.gov.tr/,
Erzurum,,student_count,160913,kisi,2024-2025,MEB,"Millî Eğitim İstatistikleri, Örgün Eğitim 2024/25 - Tablo 1.17",https://sgb.meb.gov.tr/,
Erzincan,,school_count,272,adet,2024-2025,MEB,"Millî Eğitim İstatistikleri, Örgün Eğitim 2024/25 - Tablo 1.17",https://sgb.meb.gov.tr/,
Erzincan,,student_count,42541,kisi,2024-2025,MEB,"Millî Eğitim İstatistikleri, Örgün Eğitim 2024/25 - Tablo 1.17",https://sgb.meb.gov.tr/,
Bayburt,,school_count,136,adet,2024-2025,MEB,"Millî Eğitim İstatistikleri, Örgün Eğitim 2024/25 - Tablo 1.17",https://sgb.meb.gov.tr/,
Bayburt,,student_count,14597,kisi,2024-2025,MEB,"Millî Eğitim İstatistikleri, Örgün Eğitim 2024/25 - Tablo 1.17",https://sgb.meb.gov.tr/,
Ağrı,,school_count,1028,adet,2024-2025,MEB,"Millî Eğitim İstatistikleri, Örgün Eğitim 2024/25 - Tablo 1.17",https://sgb.meb.gov.tr/,
Ağrı,,student_count,137967,kisi,2024-2025,MEB,"Millî Eğitim İstatistikleri, Örgün Eğitim 2024/25 - Tablo 1.17",https://sgb.meb.gov.tr/,
Kars,,school_count,644,adet,2024-2025,MEB,"Millî Eğitim İstatistikleri, Örgün Eğitim 2024/25 - Tablo 1.17",https://sgb.meb.gov.tr/,
Kars,,student_count,59573,kisi,2024-2025,MEB,"Millî Eğitim İstatistikleri, Örgün Eğitim 2024/25 - Tablo 1.17",https://sgb.meb.gov.tr/,
Iğdır,,school_count,323,adet,2024-2025,MEB,"Millî Eğitim İstatistikleri, Örgün Eğitim 2024/25 - Tablo 1.17",https://sgb.meb.gov.tr/,
Iğdır,,student_count,51063,kisi,2024-2025,MEB,"Millî Eğitim İstatistikleri, Örgün Eğitim 2024/25 - Tablo 1.17",https://sgb.meb.gov.tr/,
Ardahan,,school_count,187,adet,2024-2025,MEB,"Millî Eğitim İstatistikleri, Örgün Eğitim 2024/25 - Tablo 1.17",https://sgb.meb.gov.tr/,
Ardahan,,student_count,16347,kisi,2024-2025,MEB,"Millî Eğitim İstatistikleri, Örgün Eğitim 2024/25 - Tablo 1.17",https://sgb.meb.gov.tr/,
Malatya,,school_count,862,adet,2024-2025,MEB,"Millî Eğitim İstatistikleri, Örgün Eğitim 2024/25 - Tablo 1.17",https://sgb.meb.gov.tr/,
Malatya,,student_count,156562,kisi,2024-2025,MEB,"Millî Eğitim İstatistikleri, Örgün Eğitim 2024/25 - Tablo 1.17",https://sgb.meb.gov.tr/,
Elazığ,,school_count,563,adet,2024-2025,MEB,"Millî Eğitim İstatistikleri, Örgün Eğitim 2024/25 - Tablo 1.17",https://sgb.meb.gov.tr/,
Elazığ,,student_count,121758,kisi,2024-2025,MEB,"Millî Eğitim İstatistikleri, Örgün Eğitim 2024/25 - Tablo 1.17",https://sgb.meb.gov.tr/,
Bingöl,,school_count,418,adet,2024-2025,MEB,"Millî Eğitim İstatistikleri, Örgün Eğitim 2024/25 - Tablo 1.17",https://sgb.meb.gov.tr/,
Bingöl,,student_count,62690,kisi,2024-2025,MEB,"Millî Eğitim İstatistikleri, Örgün Eğitim 2024/25 - Tablo 1.17",https://sgb.meb.gov.tr/,
Tunceli,,school_count,102,adet,2024-2025,MEB,"Millî Eğitim İstatistikleri, Örgün Eğitim 2024/25 - Tablo 1.17",https://sgb.meb.gov.tr/,
Tunceli,,student_count,10182,kisi,2024-2025,MEB,"Millî Eğitim İstatistikleri, Örgün Eğitim 2024/25 - Tablo 1.17",https://sgb.meb.gov.tr/,
Van,,school_count,1680,adet,2024-2025,MEB,"Millî Eğitim İstatistikleri, Örgün Eğitim 2024/25 - Tablo 1.17",https://sgb.meb.gov.tr/,
Van,,student_count,308498,kisi,2024-2025,MEB,"Millî Eğitim İstatistikleri, Örgün Eğitim 2024/25 - Tablo 1.17",https://sgb.meb.gov.tr/,
Muş,,school_count,730,adet,2024-2025,MEB,"Millî Eğitim İstatistikleri, Örgün Eğitim 2024/25 - Tablo 1.17",https://sgb.meb.gov.tr/,
Muş,,student_count,104880,kisi,2024-2025,MEB,"Millî Eğitim İstatistikleri, Örgün Eğitim 2024/25 - Tablo 1.17",https://sgb.meb.gov.tr/,
Bitlis,,school_count,791,adet,2024-2025,MEB,"Millî Eğitim İstatistikleri, Örgün Eğitim 2024/25 - Tablo 1.17",https://sgb.meb.gov.tr/,
Bitlis,,student_count,97086,kisi,2024-2025,MEB,"Millî Eğitim İstatistikleri, Örgün Eğitim 2024/25 - Tablo 1.17",https://sgb.meb.gov.tr/,
Hakkari,,school_count,441,adet,2024-2025,MEB,"Millî Eğitim İstatistikleri, Örgün Eğitim 2024/25 - Tablo 1.17",https://sgb.meb.gov.tr/,
Hakkari,,student_count,70174,kisi,2024-2025,MEB,"Millî Eğitim İstatistikleri, Örgün Eğitim 2024/25 - Tablo 1.17",https://sgb.meb.gov.tr/,
Gaziantep,,school_count,1707,adet,2024-2025,MEB,"Millî Eğitim İstatistikleri, Örgün Eğitim 2024/25 - Tablo 1.17",https://sgb.meb.gov.tr/,
Gaziantep,,student_count,707285,kisi,2024-2025,MEB,"Millî Eğitim İstatistikleri, Örgün Eğitim 2024/25 - Tablo 1.17",https://sgb.meb.gov.tr/,
Adıyaman,,school_count,827,adet,2024-2025,MEB,"Millî Eğitim İstatistikleri, Örgün Eğitim 2024/25 - Tablo 1.17",https://sgb.meb.gov.tr/,
Adıyaman,,student_count,157943,kisi,2024-2025,MEB,"Millî Eğitim İstatistikleri, Örgün Eğitim 2024/25 - Tablo 1.17",https://sgb.meb.gov.tr/,
Kilis,,school_count,230,adet,2024-2025,MEB,"Millî Eğitim İstatistikleri, Örgün Eğitim 2024/25 - Tablo 1.17",https://sgb.meb.gov.tr/,
Kilis,,student_count,57675,kisi,2024-2025,MEB,"Millî Eğitim İstatistikleri, Örgün Eğitim 2024/25 - Tablo 1.17",https://sgb.meb.gov.tr/,
Şanlıurfa,,school_count,2858,adet,2024-2025,MEB,"Millî Eğitim İstatistikleri, Örgün Eğitim 2024/25 - Tablo 1.17",https://sgb.meb.gov.tr/,
Şanlıurfa,,student_count,743888,kisi,2024-2025,MEB,"Millî Eğitim İstatistikleri, Örgün Eğitim 2024/25 - Tablo 1.17",https://sgb.meb.gov.tr/,
Diyarbakır,,school_count,1979,adet,2024-2025,MEB,"Millî Eğitim İstatistikleri, Örgün Eğitim 2024/25 - Tablo 1.17",https://sgb.meb.gov.tr/,
Diyarbakır,,student_count,498449,kisi,2024-2025,MEB,"Millî Eğitim İstatistikleri, Örgün Eğitim 2024/25 - Tablo 1.17",https://sgb.meb.gov.tr/,
Mardin,,school_count,1287,adet,2024-2025,MEB,"Millî Eğitim İstatistikleri, Örgün Eğitim 2024/25 - Tablo 1.17",https://sgb.meb.gov.tr/,
Mardin,,student_count,255350,kisi,2024-2025,MEB,"Millî Eğitim İstatistikleri, Örgün Eğitim 2024/25 - Tablo 1.17",https://sgb.meb.gov.tr/,
Batman,,school_count,798,adet,2024-2025,MEB,"Millî Eğitim İstatistikleri, Örgün Eğitim 2024/25 - Tablo 1.17",https://sgb.meb.gov.tr/,
Batman,,student_count,184297,kisi,2024-2025,MEB,"Millî Eğitim İstatistikleri, Örgün Eğitim 2024/25 - Tablo 1.17",https://sgb.meb.gov.tr/,
Şırnak,,school_count,788,adet,2024-2025,MEB,"Millî Eğitim İstatistikleri, Örgün Eğitim 2024/25 - Tablo 1.17",https://sgb.meb.gov.tr/,
Şırnak,,student_count,162113,kisi,2024-2025,MEB,"Millî Eğitim İstatistikleri, Örgün Eğitim 2024/25 - Tablo 1.17",https://sgb.meb.gov.tr/,
Siirt,,school_count,568,adet,2024-2025,MEB,"Millî Eğitim İstatistikleri, Örgün Eğitim 2024/25 - Tablo 1.17",https://sgb.meb.gov.tr/,
Siirt,,student_count,93460,kisi,2024-2025,MEB,"Millî Eğitim İstatistikleri, Örgün Eğitim 2024/25 - Tablo 1.17",https://sgb.meb.gov.tr/,
