snippet_id,name,active,scope,live_sha256,github_file,github_sha256,main_status,reconciled_status
"6","Google Gemini API Timeout 90 Seconds","true","global","867575bb933abe2025034003294734762f58a7dfc35a4ee573dd85e315418e91","docs/code-snippets/production/snippet-006.php.txt","867575bb933abe2025034003294734762f58a7dfc35a4ee573dd85e315418e91","NO_REPO_SOURCE","MATCH"
"13","MS Özel Sayfalar Noindex ve Sitemap Temizliği","true","global","990ba01ac225eb739e2b8012c323dca5356a7ffda5f78c47b79313c9fa588512","docs/code-snippets/production/snippet-013.php.txt","990ba01ac225eb739e2b8012c323dca5356a7ffda5f78c47b79313c9fa588512","NO_REPO_SOURCE","MATCH"
"14","MS Eski Sayfa Yönlendirmeleri","true","global","5b7fa46d946d29be0a128b8b6bc2e12517d346222f7a999ba00e238100ab2341","docs/code-snippets/production/snippet-014.php.txt","5b7fa46d946d29be0a128b8b6bc2e12517d346222f7a999ba00e238100ab2341","NO_REPO_SOURCE","MATCH"
"15","ı: MS Ana Sayfa ve Turne SEO Ayarları","true","global","5acb5d1cb93419dcacd6d1e2d0a6981b3c1ebdd6623199101b31ce921f3ec862","docs/code-snippets/production/snippet-015.php.txt","5acb5d1cb93419dcacd6d1e2d0a6981b3c1ebdd6623199101b31ce921f3ec862","LIVE_AHEAD","MATCH"
"16","MS Şehir URL Standardizasyonu","true","global","ad7d764fa5ef7d933d2f7dd688cbf21e286fdd12f62c567f414a312937d7a7d7","docs/code-snippets/production/snippet-016.php.txt","ad7d764fa5ef7d933d2f7dd688cbf21e286fdd12f62c567f414a312937d7a7d7","NO_REPO_SOURCE","MATCH"
"17","MS Tek Sosyal Paylaşım Görseli","true","global","02af1a8b76d9ed13c01dbcb323bbf1610f7a773150c77c4e90f72402cbcb7c3d","docs/code-snippets/production/snippet-017.php.txt","02af1a8b76d9ed13c01dbcb323bbf1610f7a773150c77c4e90f72402cbcb7c3d","NO_REPO_SOURCE","MATCH"
"18","MS İletişim Resmi Adres Düzeltmesi","true","global","0656a16c6c5d1bec620552a31e07851f2ef67140fa3050aaca6a3c91a7f09ecf","docs/code-snippets/production/snippet-018.php.txt","0656a16c6c5d1bec620552a31e07851f2ef67140fa3050aaca6a3c91a7f09ecf","NO_REPO_SOURCE","MATCH"
"19","MS Hukuki Sayfalar","true","global","838b8763cda70ae2bd11335030a103fa601ae744db25fd1229d7365dcacca7a1","docs/code-snippets/production/snippet-019.php.txt","838b8763cda70ae2bd11335030a103fa601ae744db25fd1229d7365dcacca7a1","NO_REPO_SOURCE","MATCH"
"20","MS Güvenli Sayfa Önbelleği","true","global","2173d7e55106044c3bb3e70e19883232117936fc85332ac9f690ccb616017996","docs/code-snippets/production/snippet-020.php.txt","2173d7e55106044c3bb3e70e19883232117936fc85332ac9f690ccb616017996","NO_REPO_SOURCE","MATCH"
"21","MS Global Alt Bilgi V3.3","true","global","c9887f98fe3a64caec389758206a631ee0140df394632f73ba3231ad0261d0f5","docs/code-snippets/production/snippet-021.php.txt","c9887f98fe3a64caec389758206a631ee0140df394632f73ba3231ad0261d0f5","WHITESPACE_ONLY","MATCH"
"22","MS Temiz XML Sitemap V2","true","global","a28ecd8b35283c76606c162fbf224969145b53c25b871bc21d64baf450cf371f","docs/code-snippets/production/snippet-022.php.txt","a28ecd8b35283c76606c162fbf224969145b53c25b871bc21d64baf450cf371f","NO_REPO_SOURCE","MATCH"
"23","MS Güvenli Performans V4","true","global","f491a9db35f0379b86f3a20eaca0296aacfb1dbfb065940d80f18269e35f112d","docs/code-snippets/production/snippet-023.php.txt","f491a9db35f0379b86f3a20eaca0296aacfb1dbfb065940d80f18269e35f112d","NO_REPO_SOURCE","MATCH"
"24","MS SSS Dokunma Alanı V1","true","global","1fae9242f6f3f558a3b5ac02d34cfa2c21f3e600902dfa9e3f2712a8663a0557","docs/code-snippets/production/snippet-024.php.txt","1fae9242f6f3f558a3b5ac02d34cfa2c21f3e600902dfa9e3f2712a8663a0557","NO_REPO_SOURCE","MATCH"
"25","MS Ankara Event Schema 12 V1","true","global","a9c2a5effb950c54cfbf76ad483c09e5dbe44dfd16d2d1b1cd13e64e44b09e33","docs/code-snippets/production/snippet-025.php.txt","a9c2a5effb950c54cfbf76ad483c09e5dbe44dfd16d2d1b1cd13e64e44b09e33","NO_REPO_SOURCE","MATCH"
"26","MS Ankara Event Schema 14 V1","true","global","5c1713ad6d5b5676586d9f5f358f44fb43771f22c29b685835e909bb37adf360","docs/code-snippets/production/snippet-026.php.txt","5c1713ad6d5b5676586d9f5f358f44fb43771f22c29b685835e909bb37adf360","NO_REPO_SOURCE","MATCH"
"27","MS Ankara Event Schema 16 V1","true","global","2d313743a108d7b6ce21d917e73a8b4e9edd85dcee40ca81a20071fd9d61e0e4","docs/code-snippets/production/snippet-027.php.txt","2d313743a108d7b6ce21d917e73a8b4e9edd85dcee40ca81a20071fd9d61e0e4","NO_REPO_SOURCE","MATCH"
"30","MS Dinamik Şehirler ve Biletler V1","true","global","4230a64ae7a17e8eed98c22b4a99212212e6ca6d46cf6ce72e0a5ed71c39a9d6","docs/code-snippets/production/snippet-030.php.txt","4230a64ae7a17e8eed98c22b4a99212212e6ca6d46cf6ce72e0a5ed71c39a9d6","LIVE_AHEAD","MATCH"
"34","MS Şehirler Sayfa Şablonu Serbest Bırak V1","true","global","a4286b50e29d302680cc0ffd04a11e764379bab1bd8317891d475109aaeca945","docs/code-snippets/production/snippet-034.php.txt","a4286b50e29d302680cc0ffd04a11e764379bab1bd8317891d475109aaeca945","NO_REPO_SOURCE","MATCH"
"35","MS Anasayfa v3","true","global","8f62f04c5ba766ad8e5eb4b1c5f31d96378dabceb6c154190d52d9497d0aefe8","docs/code-snippets/production/snippet-035.php.txt","8f62f04c5ba766ad8e5eb4b1c5f31d96378dabceb6c154190d52d9497d0aefe8","MATCH","MATCH"
"36","MS Gösteriler CSS Yükleyici V1","true","global","52b68e45477219425cf0969a5f8331dadc7c2bec9ee15d167bebd546c95faad6","docs/code-snippets/production/snippet-036.php.txt","52b68e45477219425cf0969a5f8331dadc7c2bec9ee15d167bebd546c95faad6","NO_REPO_SOURCE","MATCH"
"39","MS Gösteri Detay Sayfaları V2","true","global","a10bfff07422dd92ac06b8f5813f2a58da11363ac82ff24b1244419701b4f96d","docs/code-snippets/production/snippet-039.php.txt","a10bfff07422dd92ac06b8f5813f2a58da11363ac82ff24b1244419701b4f96d","NO_REPO_SOURCE","MATCH"
"40","MS Galeri Sayfası V1","true","global","b6f6ed69762dc48735432f9975ff007315a0aadbefcba4d30181bbad4315456d","docs/code-snippets/production/snippet-040.php.txt","b6f6ed69762dc48735432f9975ff007315a0aadbefcba4d30181bbad4315456d","NO_REPO_SOURCE","MATCH"
"41","MS Hakkımızda Sayfası V1","true","global","3e8872c2db441b566c819697f119dffaebbbb484360c9fc50bf9e19bf9963b99","docs/code-snippets/production/snippet-041.php.txt","3e8872c2db441b566c819697f119dffaebbbb484360c9fc50bf9e19bf9963b99","NO_REPO_SOURCE","MATCH"
"42","MS Kurumsal Sayfası V5","true","global","5eb123b3995d30bb47726b5d23ca71d46ae994b64a1c5243e2062e584bed8349","docs/code-snippets/production/snippet-042.php.txt","5eb123b3995d30bb47726b5d23ca71d46ae994b64a1c5243e2062e584bed8349","NO_REPO_SOURCE","MATCH"
"44","MS SSS Sayfası V3","true","global","76fdb26be0bb0978133a4f27003e18b9e07ad4b0418e76473a3f4dc5f795a517","docs/code-snippets/production/snippet-044.php.txt","76fdb26be0bb0978133a4f27003e18b9e07ad4b0418e76473a3f4dc5f795a517","NO_REPO_SOURCE","MATCH"
"46","MS İletişim Sayfası V2","true","global","289ba13978bccfa53ea18d3f7be756e039f113b86157c1d25663efc64b6822c0","docs/code-snippets/production/snippet-046.php.txt","289ba13978bccfa53ea18d3f7be756e039f113b86157c1d25663efc64b6822c0","NO_REPO_SOURCE","MATCH"
"48","MS Blog Sayfası V3","true","global","e52252dde157e4ece1a72b20962b997f1941e68edcc4eb7c6bab37743047f45c","docs/code-snippets/production/snippet-048.php.txt","e52252dde157e4ece1a72b20962b997f1941e68edcc4eb7c6bab37743047f45c","NO_REPO_SOURCE","MATCH"
"52","MADAGASKAR — BLOG TEKİL YAZI TASARIMI V1","true","global","b3f9e70e87af5492313f5ec085e87b77bea3a60aa4b917c1ad8c4ae83f461021","docs/code-snippets/production/snippet-052.php.txt","b3f9e70e87af5492313f5ec085e87b77bea3a60aa4b917c1ad8c4ae83f461021","NO_REPO_SOURCE","MATCH"
"53","MADAGASKAR — GLOBAL SOSYAL PAYLAŞIM V1","true","global","c7123341eb990e017390197e2e8b75a087820f9af531001b4a0fac3077b482b2","docs/code-snippets/production/snippet-053.php.txt","c7123341eb990e017390197e2e8b75a087820f9af531001b4a0fac3077b482b2","NO_REPO_SOURCE","MATCH"
"55","hukuki sayfalar iletişim","true","global","b57a2cdc837a83f4c05d8b8c6fc5d8a3b9827e483fe422ee2622f2f37e7df7b8","docs/code-snippets/production/snippet-055.php.txt","b57a2cdc837a83f4c05d8b8c6fc5d8a3b9827e483fe422ee2622f2f37e7df7b8","NO_REPO_SOURCE","MATCH"
"60","MS Eskişehir 3 Ekim 2026 İptal Duyurusu","true","global","18444d4180df10dc91b91f91333dae24a7e48f6f5b4fc9ce18b677f765c70927","docs/code-snippets/production/snippet-060.php.txt","18444d4180df10dc91b91f91333dae24a7e48f6f5b4fc9ce18b677f765c70927","NO_REPO_SOURCE","MATCH"
"61","MS Etkinlik Tarihi Düzenleme V1","true","global","6a65e6fe84288c638ce314fbc63275162f9bd3d947040bf870c59136a6b6fdbb","docs/code-snippets/production/snippet-061.php.txt","6a65e6fe84288c638ce314fbc63275162f9bd3d947040bf870c59136a6b6fdbb","NO_REPO_SOURCE","MATCH"
"62","MS Altınpark 10 Ekim 2026 İptal Duyurusu","true","global","83a0e08ec53ee24977c0f031b167854436c8e0e47fd6b76fcb104c814a4086d4","docs/code-snippets/production/snippet-062.php.txt","83a0e08ec53ee24977c0f031b167854436c8e0e47fd6b76fcb104c814a4086d4","NO_REPO_SOURCE","MATCH"
"64","MS Etkinlik SEO Düzeltmesi ve Mamak 301 — 2026-09-20","true","global","4e9af616c3bd985d1f9c02e627a5434eaab8b8a7b9255477945b0244a4906241","docs/code-snippets/production/snippet-064.php.txt","4e9af616c3bd985d1f9c02e627a5434eaab8b8a7b9255477945b0244a4906241","NO_REPO_SOURCE","MATCH"
"65","Madagaskar Rota Tek Link Paylaşımı","true","global","7ff3b07f212edc11414807aa8ba70a7c42352686ec138d388e65159d6f9b975b","docs/code-snippets/production/snippet-065.php.txt","7ff3b07f212edc11414807aa8ba70a7c42352686ec138d388e65159d6f9b975b","WHITESPACE_ONLY","MATCH"
"71","Madagaskar Finans API","true","global","e053d948777c14e7e295ae7b4856ca95e415cfe662f7871eba631098ad1cfb5f","docs/code-snippets/production/snippet-071.php.txt","e053d948777c14e7e295ae7b4856ca95e415cfe662f7871eba631098ad1cfb5f","NO_REPO_SOURCE","MATCH"
"102","MS Bilet Sorgulama V1","true","global","c685584f400b7a8f9a8d32e1281a64cd62faa7b774aeae2dd34a5aed6912bd34","docs/code-snippets/production/snippet-102.php.txt","c685584f400b7a8f9a8d32e1281a64cd62faa7b774aeae2dd34a5aed6912bd34","WHITESPACE_ONLY","MATCH"
"103","MS Yarım Kalan Ödeme Kaydı V1 ","true","global","8cd9a896fddf714bb240a15cb9d508347da24b668bb02441d7c8f1a19c7f9496","docs/code-snippets/production/snippet-103.php.txt","8cd9a896fddf714bb240a15cb9d508347da24b668bb02441d7c8f1a19c7f9496","LIVE_AHEAD","MATCH"
"104","Kırıkkale Program #2 İptal ve Duyuru — 2026-10-02","true","global","b5c7486319b437f60abb2d6a16d37b212789072c5f48b5fb67e7179cdd03682e","docs/code-snippets/production/snippet-104.php.txt","b5c7486319b437f60abb2d6a16d37b212789072c5f48b5fb67e7179cdd03682e","WHITESPACE_ONLY","MATCH"
"106","Madagaskar Çekiliş — Tek Kişilik Yeniden Seçim V1","true","global","df2afbfff4bafc8279e907d2935c5bad8d655e459b9697f6d36e5bc33cb7610c","docs/code-snippets/production/snippet-106.php.txt","df2afbfff4bafc8279e907d2935c5bad8d655e459b9697f6d36e5bc33cb7610c","NO_REPO_SOURCE","MATCH"
"110","Madagaskar Kommo Unified Source V2 — MMC Canonical","true","global","292e0c542a3f185119d28ba5639e1786d5bdf0fecaac8fdba3c4fc86e47956dd","docs/code-snippets/production/snippet-110.php.txt","292e0c542a3f185119d28ba5639e1786d5bdf0fecaac8fdba3c4fc86e47956dd","LIVE_AHEAD","MATCH"
"115","Madagaskar MMC Yeni Etkinlik Excel Şablonu — İade/Değişiklik Kuralları","true","global","a191d8d4449a531084c693664086ac5f0a34c5afeb5bcba5c8954fbb26858867","docs/code-snippets/production/snippet-115.php.txt","a191d8d4449a531084c693664086ac5f0a34c5afeb5bcba5c8954fbb26858867","WHITESPACE_ONLY","MATCH"
"120","Madagaskar Toplu Fatura Açıklaması v1.0.0","true","global","30f0e50486c525934d13e522a1bdc32602e86faa3255a1a10ea2a921cb82bf89","docs/code-snippets/production/snippet-120.php.txt","30f0e50486c525934d13e522a1bdc32602e86faa3255a1a10ea2a921cb82bf89","NO_REPO_SOURCE","MATCH"
